"id","session_id","role","content","created_at"
131,43,assistant,"I understand you need an AC technician today, I'll provide you with more options. Your location is set to G-11, is that correct?",2026-05-18 18:09:18.848
130,43,user,"yess please, same day",2026-05-18 18:09:17.516
129,43,assistant,I understand you're looking for more AC technician options. I'll provide you with some alternatives. Can you please confirm if you'd like to book one for today or a different day?,2026-05-18 18:08:52.342
128,43,user,yess please,2026-05-18 18:08:49.386
127,43,assistant,We have other AC technicians available. Would you like me to show you some options?,2026-05-18 18:08:14.600
126,43,user,suggest me more ac technicians,2026-05-18 18:08:12.427
125,43,assistant,"Booking details:
• Faisal HVAC Solutions (F-8)
• Date: 2026-05-18
• Time: 03:00 PM
• Charges: Rs. 500.0/hour
• Rating: 4.3/5

Confirm? You can also change the time if needed.",2026-05-18 18:07:28.291
124,43,user,yes,2026-05-18 18:07:27.051
123,43,assistant,We have other AC technicians available in different areas. Would you like me to suggest some options?,2026-05-18 18:07:06.648
122,43,user,No suggest me more AC technician on different areas,2026-05-18 18:07:05.319
121,43,assistant,"Booking details:
• Faisal HVAC Solutions (F-8)
• Date: 2026-05-18
• Time: 03:00 PM
• Charges: Rs. 500.0/hour
• Rating: 4.3/5

Confirm? You can also change the time if needed.",2026-05-18 18:06:34.687
120,43,user,Yess,2026-05-18 18:06:33.466
119,43,assistant,Here are 1 AC Technician(s) near you for 2026-05-18. Select your provider and time slot:,2026-05-18 18:01:26.282
118,43,assistant,"I've confirmed your urgent booking for an AC Technician in G-11 today, thank you for confirming.",2026-05-18 18:01:23.130
117,43,user,Yess,2026-05-18 18:01:14.451
116,43,assistant,"I've confirmed your urgent booking for an AC Technician in G-11 today, is that correct?",2026-05-18 18:00:33.097
115,43,user,Urgent aj hi,2026-05-18 18:00:31.785
114,43,assistant,"I've noted that you need an AC Technician. Since your location is already saved as G-11, I'll proceed with that. Aaj ke liye chahiye ya kisi aur din ke liye?",2026-05-18 17:59:40.065
113,43,user,I want to book AC technician,2026-05-18 17:59:38.314
112,43,assistant,"I'm so sorry to hear you're having some trouble and need a technician. Can you please tell me what kind of technician you need, like AC Technician, Plumber, or Electrician?",2026-05-18 17:58:54.168
111,43,user,I would like to book a technician,2026-05-18 17:58:53.140
